(,Unnamed: 1,Unnamed: 2,Unnamed: 3,(.1,Unnamed: 5,Unnamed: 6,Unnamed: 7,",","""",Unnamed: 10,Unnamed: 11,Unnamed: 12,;,Unnamed: 14,Unnamed: 15,Unnamed: 16,Unnamed: 17,Unnamed: 18,;.1
(,,,,(,,,,",","""",,,),;,,,,,),;
(,2.0:->Read Line:,,,(,,"""source""",,",","""",,,),;,,,,,),;
(,vertexNo,,,(,,"""Source""",,",","""","""destination""",,),;,,,lineColor,,),;
(,,,,(,,"""#VALUE!""",,",","""",,,),;,,,,,),;
(,1,",",graph.addEdge,(,"""","""Shaheed Sthal (New Bus Adda) ""","""",",","""","""Hindon""","""",),;,",","""",Red,"""",),;
(,2,",",graph.addEdge,(,"""","""Hindon""","""",",","""","""Arthala""","""",),;,",","""",Red,"""",),;
(,3,",",graph.addEdge,(,"""","""Arthala""","""",",","""","""Mohan Nagar""","""",),;,",","""",Red,"""",),;
(,4,",",graph.addEdge,(,"""","""Mohan Nagar""","""",",","""","""Shyam park""","""",),;,",","""",Red,"""",),;
(,5,",",graph.addEdge,(,"""","""Shyam park""","""",",","""","""Major Mohit Sharma""","""",),;,",","""",Red,"""",),;
(,6,",",graph.addEdge,(,"""","""Major Mohit Sharma""","""",",","""","""Raj Bagh""","""",),;,",","""",Red,"""",),;
(,7,",",graph.addEdge,(,"""","""Raj Bagh""","""",",","""","""Shaheed Nagar""","""",),;,",","""",Red,"""",),;
(,8,",",graph.addEdge,(,"""","""Shaheed Nagar""","""",",","""","""Dilshad Garden""","""",),;,",","""",Red,"""",),;
(,9,",",graph.addEdge,(,"""","""Dilshad Garden""","""",",","""","""Jhilmil""","""",),;,",","""",Red,"""",),;
(,10,",",graph.addEdge,(,"""","""Jhilmil""","""",",","""","""Mansarovar Park""","""",),;,",","""",Red,"""",),;
(,11,",",graph.addEdge,(,"""","""Mansarovar Park""","""",",","""","""Shahdara""","""",),;,",","""",Red,"""",),;
(,12,",",graph.addEdge,(,"""","""Shahdara""","""",",","""","""Welcome""","""",),;,",","""",Red,"""",),;
(,13,",",graph.addEdge,(,"""","""Welcome""","""",",","""","""Seelampur""","""",),;,",","""",Red,"""",),;
(,14,",",graph.addEdge,(,"""","""Seelampur""","""",",","""","""Shastri Park""","""",),;,",","""",Red,"""",),;
(,15,",",graph.addEdge,(,"""","""Shastri Park""","""",",","""","""Kashmere Gate""","""",),;,",","""",Red,"""",),;
(,16,",",graph.addEdge,(,"""","""Kashmere Gate""","""",",","""","""Tis Hazari""","""",),;,",","""",Red,"""",),;
(,17,",",graph.addEdge,(,"""","""Tis Hazari""","""",",","""","""Pul Bangash""","""",),;,",","""",Red,"""",),;
(,18,",",graph.addEdge,(,"""","""Pul Bangash""","""",",","""","""Pratap Nagar""","""",),;,",","""",Red,"""",),;
(,19,",",graph.addEdge,(,"""","""Pratap Nagar""","""",",","""","""Shastri Nagar""","""",),;,",","""",Red,"""",),;
(,20,",",graph.addEdge,(,"""","""Shastri Nagar""","""",",","""","""Inderlok""","""",),;,",","""",Red,"""",),;
(,21,",",graph.addEdge,(,"""","""Inderlok""","""",",","""","""Kanhiya Nagar""","""",),;,",","""",Red,"""",),;
(,22,",",graph.addEdge,(,"""","""Kanhiya Nagar""","""",",","""","""Keshav Puram""","""",),;,",","""",Red,"""",),;
(,23,",",graph.addEdge,(,"""","""Keshav Puram""","""",",","""","""Netaji Subhash Place""","""",),;,",","""",Red,"""",),;
(,24,",",graph.addEdge,(,"""","""Netaji Subhash Place""","""",",","""","""Kohat Enclave""","""",),;,",","""",Red,"""",),;
(,25,",",graph.addEdge,(,"""","""Kohat Enclave""","""",",","""","""Pitam Pura""","""",),;,",","""",Red,"""",),;
(,26,",",graph.addEdge,(,"""","""Pitam Pura""","""",",","""","""Rohini East""","""",),;,",","""",Red,"""",),;
(,27,",",graph.addEdge,(,"""","""Rohini East""","""",",","""","""Rohini West""","""",),;,",","""",Red,"""",),;
(,28,",",graph.addEdge,(,"""","""Rohini West""","""",",","""","""Rithala""","""",),;,",","""",Red,"""",),;
(,,,graph.addEdge,(,"""",,,,,,,),;,,,,,),;
(,30,",",graph.addEdge,(,"""","""Kirti Nagar""","""",",","""","""Satguru Ram Singh Marg""","""",),;,",","""",Green,"""",),;
(,31,",",graph.addEdge,(,"""","""Satguru Ram Singh Marg""","""",",","""","""Inderlok""","""",),;,",","""",Green,"""",),;
(,32,",",graph.addEdge,(,"""","""Inderlok""","""",",","""","""Ashok Park Main""","""",),;,",","""",Green,"""",),;
(,33,",",graph.addEdge,(,"""","""Ashok Park Main""","""",",","""","""Punjabi Bagh""","""",),;,",","""",Green,"""",),;
(,34,",",graph.addEdge,(,"""","""Punjabi Bagh""","""",",","""","""Punjabi Bagh West""","""",),;,",","""",Green,"""",),;
(,35,",",graph.addEdge,(,"""","""Punjabi Bagh West""","""",",","""","""Shivaji Park""","""",),;,",","""",Green,"""",),;
(,36,",",graph.addEdge,(,"""","""Shivaji Park""","""",",","""","""Madipur""","""",),;,",","""",Green,"""",),;
(,37,",",graph.addEdge,(,"""","""Madipur""","""",",","""","""Paschim Vihar East""","""",),;,",","""",Green,"""",),;
(,38,",",graph.addEdge,(,"""","""Paschim Vihar East""","""",",","""","""Paschim Vihar West""","""",),;,",","""",Green,"""",),;
(,39,",",graph.addEdge,(,"""","""Paschim Vihar West""","""",",","""","""Peera Garhi""","""",),;,",","""",Green,"""",),;
(,40,",",graph.addEdge,(,"""","""Peera Garhi""","""",",","""","""Udyog Nagar""","""",),;,",","""",Green,"""",),;
(,41,",",graph.addEdge,(,"""","""Udyog Nagar""","""",",","""","""Surajmal Stadium""","""",),;,",","""",Green,"""",),;
(,42,",",graph.addEdge,(,"""","""Surajmal Stadium""","""",",","""","""Nangloi""","""",),;,",","""",Green,"""",),;
(,43,",",graph.addEdge,(,"""","""Nangloi""","""",",","""","""Nangloi Railway Station""","""",),;,",","""",Green,"""",),;
(,44,",",graph.addEdge,(,"""","""Nangloi Railway Station""","""",",","""","""Rajdhani Park""","""",),;,",","""",Green,"""",),;
(,45,",",graph.addEdge,(,"""","""Rajdhani Park""","""",",","""","""Mundka""","""",),;,",","""",Green,"""",),;
(,46,",",graph.addEdge,(,"""","""Mundka""","""",",","""","""Mundka Industrial Area (MIA)""","""",),;,",","""",Green,"""",),;
(,47,",",graph.addEdge,(,"""","""Mundka Industrial Area (MIA)""","""",",","""","""Ghevra""","""",),;,",","""",Green,"""",),;
(,48,",",graph.addEdge,(,"""","""Ghevra""","""",",","""","""Tikri Kalan""","""",),;,",","""",Green,"""",),;
(,49,",",graph.addEdge,(,"""","""Tikri Kalan""","""",",","""","""Tikri Border""","""",),;,",","""",Green,"""",),;
(,50,",",graph.addEdge,(,"""","""Tikri Border""","""",",","""","""Pandit Shree Ram Sharma""","""",),;,",","""",Green,"""",),;
(,51,",",graph.addEdge,(,"""","""Pandit Shree Ram Sharma""","""",",","""","""(Mordern Industrial Estate)""","""",),;,",","""",Green,"""",),;
(,52,",",graph.addEdge,(,"""","""(Mordern Industrial Estate)""","""",",","""","""Bahadurgarh City""","""",),;,",","""",Green,"""",),;
(,53,",",graph.addEdge,(,"""","""Bahadurgarh City""","""",",","""","""Brigadier Hoshiyar Singh""","""",),;,",","""",Green,"""",),;
(,54,",",graph.addEdge,(,"""","""Brigadier Hoshiyar Singh""","""",",","""","""(Bahadurgarh City Park)""","""",),;,",","""",Green,"""",),;
(,56,",",graph.addEdge,(,"""","""Kashmere Gate""","""",",","""","""Lal Qila""","""",),;,",","""",Voilet,"""",),;
(,57,",",graph.addEdge,(,"""","""Lal Qila""","""",",","""","""Jama Masjid""","""",),;,",","""",Voilet,"""",),;
(,58,",",graph.addEdge,(,"""","""Jama Masjid""","""",",","""","""Delhi Gate""","""",),;,",","""",Voilet,"""",),;
(,59,",",graph.addEdge,(,"""","""Delhi Gate""","""",",","""","""ITO""","""",),;,",","""",Voilet,"""",),;
(,60,",",graph.addEdge,(,"""","""ITO""","""",",","""","""Mandi House""","""",),;,",","""",Voilet,"""",),;
(,61,",",graph.addEdge,(,"""","""Mandi House""","""",",","""","""Janpath""","""",),;,",","""",Voilet,"""",),;
(,62,",",graph.addEdge,(,"""","""Janpath""","""",",","""","""Central Secretariat""","""",),;,",","""",Voilet,"""",),;
(,63,",",graph.addEdge,(,"""","""Central Secretariat""","""",",","""","""Khan Market""","""",),;,",","""",Voilet,"""",),;
(,64,",",graph.addEdge,(,"""","""Khan Market""","""",",","""","""Jawaharlal Nehru Stadium""","""",),;,",","""",Voilet,"""",),;
(,65,",",graph.addEdge,(,"""","""Jawaharlal Nehru Stadium""","""",",","""","""Jangpura""","""",),;,",","""",Voilet,"""",),;
(,66,",",graph.addEdge,(,"""","""Jangpura""","""",",","""","""Lajpat Nagar""","""",),;,",","""",Voilet,"""",),;
(,67,",",graph.addEdge,(,"""","""Lajpat Nagar""","""",",","""","""Moolchand""","""",),;,",","""",Voilet,"""",),;
(,68,",",graph.addEdge,(,"""","""Moolchand""","""",",","""","""Kailash Colony""","""",),;,",","""",Voilet,"""",),;
(,69,",",graph.addEdge,(,"""","""Kailash Colony""","""",",","""","""Nehru Place""","""",),;,",","""",Voilet,"""",),;
(,70,",",graph.addEdge,(,"""","""Nehru Place""","""",",","""","""Kalkaji Mandir""","""",),;,",","""",Voilet,"""",),;
(,71,",",graph.addEdge,(,"""","""Kalkaji Mandir""","""",",","""","""Govind Puri""","""",),;,",","""",Voilet,"""",),;
(,72,",",graph.addEdge,(,"""","""Govind Puri""","""",",","""","""Harkesh Nagar""","""",),;,",","""",Voilet,"""",),;
(,73,",",graph.addEdge,(,"""","""Harkesh Nagar""","""",",","""","""Jasola Apollo""","""",),;,",","""",Voilet,"""",),;
(,74,",",graph.addEdge,(,"""","""Jasola Apollo""","""",",","""","""Sarita Vihar""","""",),;,",","""",Voilet,"""",),;
(,75,",",graph.addEdge,(,"""","""Sarita Vihar""","""",",","""","""Mohan Estate""","""",),;,",","""",Voilet,"""",),;
(,76,",",graph.addEdge,(,"""","""Mohan Estate""","""",",","""","""Tughlakabad""","""",),;,",","""",Voilet,"""",),;
(,77,",",graph.addEdge,(,"""","""Tughlakabad""","""",",","""","""Badarpur""","""",),;,",","""",Voilet,"""",),;
(,78,",",graph.addEdge,(,"""","""Badarpur""","""",",","""","""Sarai""","""",),;,",","""",Voilet,"""",),;
(,79,",",graph.addEdge,(,"""","""Sarai""","""",",","""","""NHPC Chowk""","""",),;,",","""",Voilet,"""",),;
(,80,",",graph.addEdge,(,"""","""NHPC Chowk""","""",",","""","""Mewla Maharajpur""","""",),;,",","""",Voilet,"""",),;
(,81,",",graph.addEdge,(,"""","""Mewla Maharajpur""","""",",","""","""Sector 28""","""",),;,",","""",Voilet,"""",),;
(,82,",",graph.addEdge,(,"""","""Sector 28""","""",",","""","""Badkhal Mor""","""",),;,",","""",Voilet,"""",),;
(,83,",",graph.addEdge,(,"""","""Badkhal Mor""","""",",","""","""Faridabad Old""","""",),;,",","""",Voilet,"""",),;
(,84,",",graph.addEdge,(,"""","""Faridabad Old""","""",",","""","""Neelam Chowk Ajronda""","""",),;,",","""",Voilet,"""",),;
(,85,",",graph.addEdge,(,"""","""Neelam Chowk Ajronda""","""",",","""","""Bata Chowk""","""",),;,",","""",Voilet,"""",),;
(,86,",",graph.addEdge,(,"""","""Bata Chowk""","""",",","""","""Escorts Mujesar""","""",),;,",","""",Voilet,"""",),;
(,87,",",graph.addEdge,(,"""","""Escorts Mujesar""","""",",","""","""Sant Surdas — Sihi (NCB Colony)""","""",),;,",","""",Voilet,"""",),;
(,88,",",graph.addEdge,(,"""","""Sant Surdas — Sihi (NCB Colony)""","""",",","""","""Raja Nahar Singh (Ballabhgarh)""","""",),;,",","""",Voilet,"""",),;
(,#REF!,",",graph.addEdge,(,"""","""Noida Electronic City""","""",",","""","""Noida Sector 62""","""",),;,",","""",Blue,"""",),;
(,#REF!,",",graph.addEdge,(,"""","""Noida Sector 62""","""",",","""","""Noida Sector 59""","""",),;,",","""",Blue,"""",),;
(,#REF!,",",graph.addEdge,(,"""","""Noida Sector 59""","""",",","""","""Noida Sector 61""","""",),;,",","""",Blue,"""",),;
(,#REF!,",",graph.addEdge,(,"""","""Noida Sector 61""","""",",","""","""Noida Sector 52""","""",),;,",","""",Blue,"""",),;
(,#REF!,",",graph.addEdge,(,"""","""Noida Sector 52""","""",",","""","""Noida Sector 34""","""",),;,",","""",Blue,"""",),;
(,#REF!,",",graph.addEdge,(,"""","""Noida Sector 34""","""",",","""","""Noida City Centre""","""",),;,",","""",Blue,"""",),;
(,#REF!,",",graph.addEdge,(,"""","""Noida City Centre""","""",",","""","""Golf Course""","""",),;,",","""",Blue,"""",),;
(,#REF!,",",graph.addEdge,(,"""","""Golf Course""","""",",","""","""Botanical Garden""","""",),;,",","""",Blue,"""",),;
(,#REF!,",",graph.addEdge,(,"""","""Botanical Garden""","""",",","""","""Noida Sect 18""","""",),;,",","""",Blue,"""",),;
(,#REF!,",",graph.addEdge,(,"""","""Noida Sect 18""","""",",","""","""Noida Sect 16""","""",),;,",","""",Blue,"""",),;
(,#REF!,",",graph.addEdge,(,"""","""Noida Sect 16""","""",",","""","""Noida Sect 15""","""",),;,",","""",Blue,"""",),;
(,#REF!,",",graph.addEdge,(,"""","""Noida Sect 15""","""",",","""","""New Ashok Nagar""","""",),;,",","""",Blue,"""",),;
(,#REF!,",",graph.addEdge,(,"""","""New Ashok Nagar""","""",",","""","""Mayur Vihar Ext""","""",),;,",","""",Blue,"""",),;
(,#REF!,",",graph.addEdge,(,"""","""Mayur Vihar Ext""","""",",","""","""Mayur Vihar-I""","""",),;,",","""",Blue,"""",),;
(,#REF!,",",graph.addEdge,(,"""","""Mayur Vihar-I""","""",",","""","""Akshardham""","""",),;,",","""",Blue,"""",),;
(,#REF!,",",graph.addEdge,(,"""","""Akshardham""","""",",","""","""Yamuna Bank""","""",),;,",","""",Blue,"""",),;
(,#REF!,",",graph.addEdge,(,"""","""Yamuna Bank""","""",",","""","""Indraprasta""","""",),;,",","""",Blue,"""",),;
(,#REF!,",",graph.addEdge,(,"""","""Indraprasta""","""",",","""","""Supreme Court""","""",),;,",","""",Blue,"""",),;
(,#REF!,",",graph.addEdge,(,"""","""Supreme Court""","""",",","""","""Mandi House""","""",),;,",","""",Blue,"""",),;
(,#REF!,",",graph.addEdge,(,"""","""Mandi House""","""",",","""","""Barakhamba""","""",),;,",","""",Blue,"""",),;
(,#REF!,",",graph.addEdge,(,"""","""Barakhamba""","""",",","""","""Rajiv Chowk""","""",),;,",","""",Blue,"""",),;
(,#REF!,",",graph.addEdge,(,"""","""Rajiv Chowk""","""",",","""","""RK Ashram Marg""","""",),;,",","""",Blue,"""",),;
(,#REF!,",",graph.addEdge,(,"""","""RK Ashram Marg""","""",",","""","""Jhandewalan""","""",),;,",","""",Blue,"""",),;
(,#REF!,",",graph.addEdge,(,"""","""Jhandewalan""","""",",","""","""Karol Bagh""","""",),;,",","""",Blue,"""",),;
(,#REF!,",",graph.addEdge,(,"""","""Karol Bagh""","""",",","""","""Rajendra Place""","""",),;,",","""",Blue,"""",),;
(,#REF!,",",graph.addEdge,(,"""","""Rajendra Place""","""",",","""","""Patel Nagar""","""",),;,",","""",Blue,"""",),;
(,#REF!,",",graph.addEdge,(,"""","""Patel Nagar""","""",",","""","""Shadi Pur""","""",),;,",","""",Blue,"""",),;
(,#REF!,",",graph.addEdge,(,"""","""Shadi Pur""","""",",","""","""Kirti Nagar""","""",),;,",","""",Blue,"""",),;
(,#REF!,",",graph.addEdge,(,"""","""Kirti Nagar""","""",",","""","""Moti Nagar""","""",),;,",","""",Blue,"""",),;
(,#REF!,",",graph.addEdge,(,"""","""Moti Nagar""","""",",","""","""Ramesh Nagar""","""",),;,",","""",Blue,"""",),;
(,#REF!,",",graph.addEdge,(,"""","""Ramesh Nagar""","""",",","""","""Rajouri Garden""","""",),;,",","""",Blue,"""",),;
(,#REF!,",",graph.addEdge,(,"""","""Rajouri Garden""","""",",","""","""Tagore Garden""","""",),;,",","""",Blue,"""",),;
(,#REF!,",",graph.addEdge,(,"""","""Tagore Garden""","""",",","""","""Subash Nagar""","""",),;,",","""",Blue,"""",),;
(,#REF!,",",graph.addEdge,(,"""","""Subash Nagar""","""",",","""","""Tilak Nagar""","""",),;,",","""",Blue,"""",),;
(,#REF!,",",graph.addEdge,(,"""","""Tilak Nagar""","""",",","""","""Janak Puri East""","""",),;,",","""",Blue,"""",),;
(,#REF!,",",graph.addEdge,(,"""","""Janak Puri East""","""",",","""","""Janak Puri West""","""",),;,",","""",Blue,"""",),;
(,#REF!,",",graph.addEdge,(,"""","""Janak Puri West""","""",",","""","""Uttam Nagar East""","""",),;,",","""",Blue,"""",),;
(,#REF!,",",graph.addEdge,(,"""","""Uttam Nagar East""","""",",","""","""Uttam Nagar West""","""",),;,",","""",Blue,"""",),;
(,#REF!,",",graph.addEdge,(,"""","""Uttam Nagar West""","""",",","""","""Nawada""","""",),;,",","""",Blue,"""",),;
(,#REF!,",",graph.addEdge,(,"""","""Nawada""","""",",","""","""Dwaraka Mor""","""",),;,",","""",Blue,"""",),;
(,#REF!,",",graph.addEdge,(,"""","""Dwaraka Mor""","""",",","""","""Dwarka""","""",),;,",","""",Blue,"""",),;
(,#REF!,",",graph.addEdge,(,"""","""Dwarka""","""",",","""","""Dwarka Sector - 14""","""",),;,",","""",Blue,"""",),;
(,#REF!,",",graph.addEdge,(,"""","""Dwarka Sector - 14""","""",",","""","""Dwarka Sector - 13""","""",),;,",","""",Blue,"""",),;
(,#REF!,",",graph.addEdge,(,"""","""Dwarka Sector - 13""","""",",","""","""Dwarka Sector - 12""","""",),;,",","""",Blue,"""",),;
(,#REF!,",",graph.addEdge,(,"""","""Dwarka Sector - 12""","""",",","""","""Dwarka Sector - 11""","""",),;,",","""",Blue,"""",),;
(,#REF!,",",graph.addEdge,(,"""","""Dwarka Sector - 11""","""",",","""","""Dwarka Sector - 10""","""",),;,",","""",Blue,"""",),;
(,#REF!,",",graph.addEdge,(,"""","""Dwarka Sector - 10""","""",",","""","""Dwarka Sector - 9""","""",),;,",","""",Blue,"""",),;
(,#REF!,",",graph.addEdge,(,"""","""Dwarka Sector - 9""","""",",","""","""Dwarka Sector - 8""","""",),;,",","""",Blue,"""",),;
(,#REF!,",",graph.addEdge,(,"""","""Dwarka Sector - 8""","""",",","""","""Dwarka Sector - 21""","""",),;,",","""",Blue,"""",),;
(,#REF!,",",graph.addEdge,(,"""","""Yamuna Bank""","""",",","""","""Laxmi Nagar""","""",),;,",","""",Blue,"""",),;
(,#REF!,",",graph.addEdge,(,"""","""Laxmi Nagar""","""",",","""","""Nirman Vihar""","""",),;,",","""",Blue,"""",),;
(,#REF!,",",graph.addEdge,(,"""","""Nirman Vihar""","""",",","""","""Preet Vihar""","""",),;,",","""",Blue,"""",),;
(,#REF!,",",graph.addEdge,(,"""","""Preet Vihar""","""",",","""","""Karkar Duma""","""",),;,",","""",Blue,"""",),;
(,#REF!,",",graph.addEdge,(,"""","""Karkar Duma""","""",",","""","""Anand Vihar""","""",),;,",","""",Blue,"""",),;
(,#REF!,",",graph.addEdge,(,"""","""Anand Vihar""","""",",","""","""Kaushambi""","""",),;,",","""",Blue,"""",),;
(,#REF!,",",graph.addEdge,(,"""","""Kaushambi""","""",",","""","""Vaishali""","""",),;,",","""",Blue,"""",),;
(,#REF!,",",graph.addEdge,(,"""","""Samaypur Badli""","""",",","""","""Rohini Sector 18, 19""","""",),;,",","""",Yellow,"""",),;
(,#REF!,",",graph.addEdge,(,"""","""Rohini Sector 18, 19""","""",",","""","""Haiderpur Badli Mor""","""",),;,",","""",Yellow,"""",),;
(,#REF!,",",graph.addEdge,(,"""","""Haiderpur Badli Mor""","""",",","""","""Jahangirpuri""","""",),;,",","""",Yellow,"""",),;
(,#REF!,",",graph.addEdge,(,"""","""Jahangirpuri""","""",",","""","""Adarsh Nagar""","""",),;,",","""",Yellow,"""",),;
(,#REF!,",",graph.addEdge,(,"""","""Adarsh Nagar""","""",",","""","""Azadpur""","""",),;,",","""",Yellow,"""",),;
(,#REF!,",",graph.addEdge,(,"""","""Azadpur""","""",",","""","""Model Town""","""",),;,",","""",Yellow,"""",),;
(,#REF!,",",graph.addEdge,(,"""","""Model Town""","""",",","""","""GTB Nagar""","""",),;,",","""",Yellow,"""",),;
(,#REF!,",",graph.addEdge,(,"""","""GTB Nagar""","""",",","""","""Viswavidyalaya""","""",),;,",","""",Yellow,"""",),;
(,#REF!,",",graph.addEdge,(,"""","""Viswavidyalaya""","""",",","""","""Vidhan Sabha""","""",),;,",","""",Yellow,"""",),;
(,#REF!,",",graph.addEdge,(,"""","""Vidhan Sabha""","""",",","""","""Civil Lines""","""",),;,",","""",Yellow,"""",),;
(,#REF!,",",graph.addEdge,(,"""","""Civil Lines""","""",",","""","""Kashmere Gate""","""",),;,",","""",Yellow,"""",),;
(,#REF!,",",graph.addEdge,(,"""","""Kashmere Gate""","""",",","""","""Chandhni Chowk""","""",),;,",","""",Yellow,"""",),;
(,#REF!,",",graph.addEdge,(,"""","""Chandhni Chowk""","""",",","""","""Chawri Bazar""","""",),;,",","""",Yellow,"""",),;
(,#REF!,",",graph.addEdge,(,"""","""Chawri Bazar""","""",",","""","""NewDelhi""","""",),;,",","""",Yellow,"""",),;
(,#REF!,",",graph.addEdge,(,"""","""NewDelhi""","""",",","""","""Rajiv Chowk""","""",),;,",","""",Yellow,"""",),;
(,#REF!,",",graph.addEdge,(,"""","""Rajiv Chowk""","""",",","""","""Patel Chowk""","""",),;,",","""",Yellow,"""",),;
(,#REF!,",",graph.addEdge,(,"""","""Patel Chowk""","""",",","""","""Central Secretariat""","""",),;,",","""",Yellow,"""",),;
(,#REF!,",",graph.addEdge,(,"""","""Central Secretariat""","""",",","""","""Udyog Bhawan""","""",),;,",","""",Yellow,"""",),;
(,#REF!,",",graph.addEdge,(,"""","""Udyog Bhawan""","""",",","""","""Lok Kalyan Marg""","""",),;,",","""",Yellow,"""",),;
(,#REF!,",",graph.addEdge,(,"""","""Lok Kalyan Marg""","""",",","""","""Jorbagh""","""",),;,",","""",Yellow,"""",),;
(,#REF!,",",graph.addEdge,(,"""","""Jorbagh""","""",",","""","""INA""","""",),;,",","""",Yellow,"""",),;
(,#REF!,",",graph.addEdge,(,"""","""INA""","""",",","""","""AIIMS""","""",),;,",","""",Yellow,"""",),;
(,#REF!,",",graph.addEdge,(,"""","""AIIMS""","""",",","""","""Green Park""","""",),;,",","""",Yellow,"""",),;
(,#REF!,",",graph.addEdge,(,"""","""Green Park""","""",",","""","""Hauz Khas""","""",),;,",","""",Yellow,"""",),;
(,#REF!,",",graph.addEdge,(,"""","""Hauz Khas""","""",",","""","""MalviaNagar""","""",),;,",","""",Yellow,"""",),;
(,#REF!,",",graph.addEdge,(,"""","""MalviaNagar""","""",",","""","""Saket""","""",),;,",","""",Yellow,"""",),;
(,#REF!,",",graph.addEdge,(,"""","""Saket""","""",",","""","""Qutab Minar""","""",),;,",","""",Yellow,"""",),;
(,#REF!,",",graph.addEdge,(,"""","""Qutab Minar""","""",",","""","""Chhattarpur""","""",),;,",","""",Yellow,"""",),;
(,#REF!,",",graph.addEdge,(,"""","""Chhattarpur""","""",",","""","""Sultanpur""","""",),;,",","""",Yellow,"""",),;
(,#REF!,",",graph.addEdge,(,"""","""Sultanpur""","""",",","""","""Ghotorni""","""",),;,",","""",Yellow,"""",),;
(,#REF!,",",graph.addEdge,(,"""","""Ghotorni""","""",",","""","""Arjan Garh""","""",),;,",","""",Yellow,"""",),;
(,#REF!,",",graph.addEdge,(,"""","""Arjan Garh""","""",",","""","""Gurudronacharya""","""",),;,",","""",Yellow,"""",),;
(,#REF!,",",graph.addEdge,(,"""","""Gurudronacharya""","""",",","""","""Sikandarpur.""","""",),;,",","""",Yellow,"""",),;
(,#REF!,",",graph.addEdge,(,"""","""Sikandarpur.""","""",",","""","""MG Road""","""",),;,",","""",Yellow,"""",),;
(,#REF!,",",graph.addEdge,(,"""","""MG Road""","""",",","""","""IFFCO Chowk""","""",),;,",","""",Yellow,"""",),;
(,#REF!,",",graph.addEdge,(,"""","""IFFCO Chowk""","""",",","""","""Huda City Centre""","""",),;,",","""",Yellow,"""",),;
(,185,",",graph.addEdge,(,"""","""Mukundpur Depot""","""",",","""","""Majlis Park""","""",),;,",","""",Pink,"""",),;
(,186,",",graph.addEdge,(,"""","""Majlis Park""","""",",","""","""Azadpur""","""",),;,",","""",Pink,"""",),;
(,187,",",graph.addEdge,(,"""","""Azadpur""","""",",","""","""Shalimar Bagh""","""",),;,",","""",Pink,"""",),;
(,188,",",graph.addEdge,(,"""","""Shalimar Bagh""","""",",","""","""Netaji Subhash Place""","""",),;,",","""",Pink,"""",),;
(,189,",",graph.addEdge,(,"""","""Netaji Subhash Place""","""",",","""","""Shakurpur""","""",),;,",","""",Pink,"""",),;
(,190,",",graph.addEdge,(,"""","""Shakurpur""","""",",","""","""Punjabi Bagh West""","""",),;,",","""",Pink,"""",),;
(,191,",",graph.addEdge,(,"""","""Punjabi Bagh West""","""",",","""","""ESI Hospital""","""",),;,",","""",Pink,"""",),;
(,192,",",graph.addEdge,(,"""","""ESI Hospital""","""",",","""","""Rajouri Garden""","""",),;,",","""",Pink,"""",),;
(,193,",",graph.addEdge,(,"""","""Rajouri Garden""","""",",","""","""Maya Puri""","""",),;,",","""",Pink,"""",),;
(,194,",",graph.addEdge,(,"""","""Maya Puri""","""",",","""","""Nariana Vihar""","""",),;,",","""",Pink,"""",),;
(,195,",",graph.addEdge,(,"""","""Nariana Vihar""","""",",","""","""Delhi Cantt""","""",),;,",","""",Pink,"""",),;
(,196,",",graph.addEdge,(,"""","""Delhi Cantt""","""",",","""","""Durgabai Deshmukh South Campus""","""",),;,",","""",Pink,"""",),;
(,197,",",graph.addEdge,(,"""","""Durgabai Deshmukh South Campus""","""",",","""","""Sir Vishweshwaraiah Moti Bagh""","""",),;,",","""",Pink,"""",),;
(,198,",",graph.addEdge,(,"""","""Sir Vishweshwaraiah Moti Bagh""","""",",","""","""Bhikaji Cama Place""","""",),;,",","""",Pink,"""",),;
(,199,",",graph.addEdge,(,"""","""Bhikaji Cama Place""","""",",","""","""Sarojini Nagar""","""",),;,",","""",Pink,"""",),;
(,200,",",graph.addEdge,(,"""","""Sarojini Nagar""","""",",","""","""INA""","""",),;,",","""",Pink,"""",),;
(,201,",",graph.addEdge,(,"""","""INA""","""",",","""","""South Extension""","""",),;,",","""",Pink,"""",),;
(,202,",",graph.addEdge,(,"""","""South Extension""","""",",","""","""Lajpat Nagar""","""",),;,",","""",Pink,"""",),;
(,203,",",graph.addEdge,(,"""","""Lajpat Nagar""","""",",","""","""Vinobapuri""","""",),;,",","""",Pink,"""",),;
(,204,",",graph.addEdge,(,"""","""Vinobapuri""","""",",","""","""Ashram""","""",),;,",","""",Pink,"""",),;
(,205,",",graph.addEdge,(,"""","""Ashram""","""",",","""","""Hazrat Nizamuddin""","""",),;,",","""",Pink,"""",),;
(,206,",",graph.addEdge,(,"""","""Hazrat Nizamuddin""","""",",","""","""Mayur Vihar - I""","""",),;,",","""",Pink,"""",),;
(,207,",",graph.addEdge,(,"""","""Mayur Vihar - I""","""",",","""","""Mayur Vihar Pocket 1""","""",),;,",","""",Pink,"""",),;
(,208,",",graph.addEdge,(,"""","""Mayur Vihar Pocket 1""","""",",","""","""Trilok Puri Sanjay Lake""","""",),;,",","""",Pink,"""",),;
(,209,",",graph.addEdge,(,"""","""Trilok Puri Sanjay Lake""","""",",","""","""Vinod Nagar East""","""",),;,",","""",Pink,"""",),;
(,210,",",graph.addEdge,(,"""","""Vinod Nagar East""","""",",","""","""Vinod Nagar""","""",),;,",","""",Pink,"""",),;
(,211,",",graph.addEdge,(,"""","""Vinod Nagar""","""",",","""","""IP Extension""","""",),;,",","""",Pink,"""",),;
(,212,",",graph.addEdge,(,"""","""IP Extension""","""",",","""","""Anand Vihar""","""",),;,",","""",Pink,"""",),;
(,213,",",graph.addEdge,(,"""","""Anand Vihar""","""",",","""","""Karkarduma""","""",),;,",","""",Pink,"""",),;
(,214,",",graph.addEdge,(,"""","""Karkarduma""","""",",","""","""Karkarduma Court""","""",),;,",","""",Pink,"""",),;
(,215,",",graph.addEdge,(,"""","""Karkarduma Court""","""",",","""","""Krishna Nagar""","""",),;,",","""",Pink,"""",),;
(,216,",",graph.addEdge,(,"""","""Krishna Nagar""","""",",","""","""East Azad Nagar""","""",),;,",","""",Pink,"""",),;
(,217,",",graph.addEdge,(,"""","""East Azad Nagar""","""",",","""","""Welcome""","""",),;,",","""",Pink,"""",),;
(,218,",",graph.addEdge,(,"""","""Welcome""","""",",","""","""Jaffrabad""","""",),;,",","""",Pink,"""",),;
(,219,",",graph.addEdge,(,"""","""Jaffrabad""","""",",","""","""Maujpur""","""",),;,",","""",Pink,"""",),;
(,220,",",graph.addEdge,(,"""","""Maujpur""","""",",","""","""Gokul Puri""","""",),;,",","""",Pink,"""",),;
(,221,",",graph.addEdge,(,"""","""Gokul Puri""","""",",","""","""Johri Enclave""","""",),;,",","""",Pink,"""",),;
(,222,",",graph.addEdge,(,"""","""Johri Enclave""","""",",","""","""Shiv Vihar""","""",),;,",","""",Pink,"""",),;
(,224,",",graph.addEdge,(,"""","""Janakpuri West""","""",",","""","""Dabri Mor""","""",),;,",","""",Magenta,"""",),;
(,225,",",graph.addEdge,(,"""","""Dabri Mor""","""",",","""","""Dashrath Puri""","""",),;,",","""",Magenta,"""",),;
(,226,",",graph.addEdge,(,"""","""Dashrath Puri""","""",",","""","""Palam""","""",),;,",","""",Magenta,"""",),;
(,227,",",graph.addEdge,(,"""","""Palam""","""",",","""","""Sadaar Bazaar Cantonment""","""",),;,",","""",Magenta,"""",),;
(,228,",",graph.addEdge,(,"""","""Sadaar Bazaar Cantonment""","""",",","""","""Terminal 1 IGI Airport""","""",),;,",","""",Magenta,"""",),;
(,229,",",graph.addEdge,(,"""","""Terminal 1 IGI Airport""","""",",","""","""Shankar Vihar""","""",),;,",","""",Magenta,"""",),;
(,230,",",graph.addEdge,(,"""","""Shankar Vihar""","""",",","""","""Vasant Vihar""","""",),;,",","""",Magenta,"""",),;
(,231,",",graph.addEdge,(,"""","""Vasant Vihar""","""",",","""","""Munirka""","""",),;,",","""",Magenta,"""",),;
(,232,",",graph.addEdge,(,"""","""Munirka""","""",",","""","""R.K Puram""","""",),;,",","""",Magenta,"""",),;
(,233,",",graph.addEdge,(,"""","""R.K Puram""","""",",","""","""IIT Delhi""","""",),;,",","""",Magenta,"""",),;
(,234,",",graph.addEdge,(,"""","""IIT Delhi""","""",",","""","""Hauz Khas""","""",),;,",","""",Magenta,"""",),;
(,235,",",graph.addEdge,(,"""","""Hauz Khas""","""",",","""","""Panchsheel Park""","""",),;,",","""",Magenta,"""",),;
(,236,",",graph.addEdge,(,"""","""Panchsheel Park""","""",",","""","""Chirag Delhi""","""",),;,",","""",Magenta,"""",),;
(,237,",",graph.addEdge,(,"""","""Chirag Delhi""","""",",","""","""Greater Kailash""","""",),;,",","""",Magenta,"""",),;
(,238,",",graph.addEdge,(,"""","""Greater Kailash""","""",",","""","""Nehru Enclave""","""",),;,",","""",Magenta,"""",),;
(,239,",",graph.addEdge,(,"""","""Nehru Enclave""","""",",","""","""Kalkaji Mandir""","""",),;,",","""",Magenta,"""",),;
(,240,",",graph.addEdge,(,"""","""Kalkaji Mandir""","""",",","""","""Okhla NSIC""","""",),;,",","""",Magenta,"""",),;
(,241,",",graph.addEdge,(,"""","""Okhla NSIC""","""",",","""","""Sukhdev Vihar""","""",),;,",","""",Magenta,"""",),;
(,242,",",graph.addEdge,(,"""","""Sukhdev Vihar""","""",",","""","""Jamia Millia Islamia""","""",),;,",","""",Magenta,"""",),;
(,243,",",graph.addEdge,(,"""","""Jamia Millia Islamia""","""",",","""","""Okhla Vihar""","""",),;,",","""",Magenta,"""",),;
(,244,",",graph.addEdge,(,"""","""Okhla Vihar""","""",",","""","""Jasola Vihar Shaheen Bagh""","""",),;,",","""",Magenta,"""",),;
(,245,",",graph.addEdge,(,"""","""Jasola Vihar Shaheen Bagh""","""",",","""","""Kalindi Kunj""","""",),;,",","""",Magenta,"""",),;
(,246,",",graph.addEdge,(,"""","""Kalindi Kunj""","""",",","""","""Okhla Bird Sanctuary""","""",),;,",","""",Magenta,"""",),;
(,247,",",graph.addEdge,(,"""","""Okhla Bird Sanctuary""","""",",","""","""Botanical Garden""","""",),;,",","""",Magenta,"""",),;
(,249,",",graph.addEdge,(,"""","""New Delhi""","""",",","""","""Shivaji Stadium""","""",),;,",","""",Orange,"""",),;
(,250,",",graph.addEdge,(,"""","""Shivaji Stadium""","""",",","""","""Dhaula Kuan""","""",),;,",","""",Orange,"""",),;
(,251,",",graph.addEdge,(,"""","""Dhaula Kuan""","""",",","""","""Delhi Aerocity""","""",),;,",","""",Orange,"""",),;
(,252,",",graph.addEdge,(,"""","""Delhi Aerocity""","""",",","""","""IGI Airport""","""",),;,",","""",Orange,"""",),;
(,253,",",graph.addEdge,(,"""","""IGI Airport""","""",",","""","""Dwarka Sector 21""","""",),;,",","""",Orange,"""",),;
,,,,(,,,,,,,,,,,,,,,
,,,,(,,,,,,,,,,,,,,,
,,,,(,,,,,,,,,,,,,,,
,,,,(,,,,,,,,,,,,,,,
,,,,(,,,,,,,,,,,,,,,
,,,,(,,,,,,,,,,,,,,,
,,,,(,,,,,,,,,,,,,,,
,,,,(,,,,,,,,,,,,,,,
,,,,(,,,,,,,,,,,,,,,
,,,,(,,,,,,,,,,,,,,,
,,,,(,,,,,,,,,,,,,,,
,,,,(,,,,,,,,,,,,,,,
,,,,(,,,,,,,,,,,,,,,
,,,,(,,,,,,,,,,,,,,,
,,,,(,,,,,,,,,,,,,,,
,,,,(,,,,,,,,,,,,,,,
,,,,(,,,,,,,,,,,,,,,
,,,,(,,,,,,,,,,,,,,,
,,,,(,,,,,,,,,,,,,,,
,,,,(,,,,,,,,,,,,,,,
,,,,(,,,,,,,,,,,,,,,
,,,,(,,,,,,,,,,,,,,,
,,,,(,,,,,,,,,,,,,,,
,,,,(,,,,,,,,,,,,,,,
,,,,(,,,,,,,,,,,,,,,
,,,,(,,,,,,,,,,,,,,,
,,,,(,,,,,,,,,,,,,,,
,,,,(,,,,,,,,,,,,,,,
,,,,(,,,,,,,,,,,,,,,
,,,,(,,,,,,,,,,,,,,,
,,,,(,,,,,,,,,,,,,,,
,,,,(,,,,,,,,,,,,,,,
,,,,(,,,,,,,,,,,,,,,
,,,,(,,,,,,,,,,,,,,,
,,,,(,,,,,,,,,,,,,,,
,,,,(,,,,,,,,,,,,,,,
,,,,(,,,,,,,,,,,,,,,
,,,,(,,,,,,,,,,,,,,,
,,,,(,,,,,,,,,,,,,,,
,,,,(,,,,,,,,,,,,,,,
,,,,(,,,,,,,,,,,,,,,
,,,,(,,,,,,,,,,,,,,,
,,,,(,,,,,,,,,,,,,,,
,,,,(,,,,,,,,,,,,,,,
,,,,(,,,,,,,,,,,,,,,
,,,,(,,,,,,,,,,,,,,,
,,,,(,,,,,,,,,,,,,,,
,,,,(,,,,,,,,,,,,,,,
,,,,(,,,,,,,,,,,,,,,
,,,,(,,,,,,,,,,,,,,,
,,,,(,,,,,,,,,,,,,,,
,,,,(,,,,,,,,,,,,,,,
,,,,(,,,,,,,,,,,,,,,
,,,,(,,,,,,,,,,,,,,,
,,,,(,,,,,,,,,,,,,,,
,,,,(,,,,,,,,,,,,,,,
,,,,(,,,,,,,,,,,,,,,
,,,,(,,,,,,,,,,,,,,,
,,,,(,,,,,,,,,,,,,,,
,,,,(,,,,,,,,,,,,,,,
,,,,(,,,,,,,,,,,,,,,
,,,,(,,,,,,,,,,,,,,,
,,,,(,,,,,,,,,,,,,,,
,,,,(,,,,,,,,,,,,,,,
,,,,(,,,,,,,,,,,,,,,
,,,,(,,,,,,,,,,,,,,,
,,,,(,,,,,,,,,,,,,,,
,,,,(,,,,,,,,,,,,,,,
,,,,(,,,,,,,,,,,,,,,
,,,,(,,,,,,,,,,,,,,,
,,,,(,,,,,,,,,,,,,,,
,,,,(,,,,,,,,,,,,,,,
,,,,(,,,,,,,,,,,,,,,
,,,,(,,,,,,,,,,,,,,,
,,,,(,,,,,,,,,,,,,,,
,,,,(,,,,,,,,,,,,,,,
,,,,(,,,,,,,,,,,,,,,
,,,,(,,,,,,,,,,,,,,,
,,,,(,,,,,,,,,,,,,,,
,,,,(,,,,,,,,,,,,,,,
,,,,(,,,,,,,,,,,,,,,
,,,,(,,,,,,,,,,,,,,,
,,,,(,,,,,,,,,,,,,,,
,,,,(,,,,,,,,,,,,,,,
,,,,(,,,,,,,,,,,,,,,
,,,,(,,,,,,,,,,,,,,,
,,,,(,,,,,,,,,,,,,,,
,,,,(,,,,,,,,,,,,,,,
,,,,(,,,,,,,,,,,,,,,
,,,,(,,,,,,,,,,,,,,,
,,,,(,,,,,,,,,,,,,,,
,,,,(,,,,,,,,,,,,,,,
,,,,(,,,,,,,,,,,,,,,
,,,,(,,,,,,,,,,,,,,,
,,,,(,,,,,,,,,,,,,,,
,,,,(,,,,,,,,,,,,,,,
,,,,(,,,,,,,,,,,,,,,
,,,,(,,,,,,,,,,,,,,,
,,,,(,,,,,,,,,,,,,,,
,,,,(,,,,,,,,,,,,,,,
,,,,(,,,,,,,,,,,,,,,
,,,,(,,,,,,,,,,,,,,,
,,,,(,,,,,,,,,,,,,,,
,,,,(,,,,,,,,,,,,,,,
,,,,(,,,,,,,,,,,,,,,
,,,,(,,,,,,,,,,,,,,,
,,,,(,,,,,,,,,,,,,,,
,,,,(,,,,,,,,,,,,,,,
,,,,(,,,,,,,,,,,,,,,
,,,,(,,,,,,,,,,,,,,,
,,,,(,,,,,,,,,,,,,,,
,,,,(,,,,,,,,,,,,,,,
,,,,(,,,,,,,,,,,,,,,
,,,,(,,,,,,,,,,,,,,,
,,,,(,,,,,,,,,,,,,,,
,,,,(,,,,,,,,,,,,,,,
,,,,(,,,,,,,,,,,,,,,
,,,,(,,,,,,,,,,,,,,,
,,,,(,,,,,,,,,,,,,,,
,,,,(,,,,,,,,,,,,,,,
,,,,(,,,,,,,,,,,,,,,
,,,,(,,,,,,,,,,,,,,,
,,,,(,,,,,,,,,,,,,,,
,,,,(,,,,,,,,,,,,,,,
,,,,(,,,,,,,,,,,,,,,
,,,,(,,,,,,,,,,,,,,,
,,,,(,,,,,,,,,,,,,,,
,,,,(,,,,,,,,,,,,,,,
,,,,(,,,,,,,,,,,,,,,
,,,,(,,,,,,,,,,,,,,,
,,,,(,,,,,,,,,,,,,,,
,,,,(,,,,,,,,,,,,,,,
,,,,(,,,,,,,,,,,,,,,
,,,,(,,,,,,,,,,,,,,,
,,,,(,,,,,,,,,,,,,,,
,,,,(,,,,,,,,,,,,,,,
,,,,(,,,,,,,,,,,,,,,
,,,,(,,,,,,,,,,,,,,,
,,,,(,,,,,,,,,,,,,,,
,,,,(,,,,,,,,,,,,,,,
,,,,(,,,,,,,,,,,,,,,
,,,,(,,,,,,,,,,,,,,,
,,,,(,,,,,,,,,,,,,,,
,,,,(,,,,,,,,,,,,,,,
,,,,(,,,,,,,,,,,,,,,
,,,,(,,,,,,,,,,,,,,,
,,,,(,,,,,,,,,,,,,,,
,,,,(,,,,,,,,,,,,,,,
,,,,(,,,,,,,,,,,,,,,
,,,,(,,,,,,,,,,,,,,,
,,,,(,,,,,,,,,,,,,,,
,,,,(,,,,,,,,,,,,,,,
,,,,(,,,,,,,,,,,,,,,
,,,,(,,,,,,,,,,,,,,,
,,,,(,,,,,,,,,,,,,,,
,,,,(,,,,,,,,,,,,,,,
,,,,(,,,,,,,,,,,,,,,
,,,,(,,,,,,,,,,,,,,,
,,,,(,,,,,,,,,,,,,,,
,,,,(,,,,,,,,,,,,,,,
,,,,(,,,,,,,,,,,,,,,
,,,,(,,,,,,,,,,,,,,,
,,,,(,,,,,,,,,,,,,,,
,,,,(,,,,,,,,,,,,,,,
,,,,(,,,,,,,,,,,,,,,
,,,,(,,,,,,,,,,,,,,,
,,,,(,,,,,,,,,,,,,,,
,,,,(,,,,,,,,,,,,,,,
,,,,(,,,,,,,,,,,,,,,
,,,,(,,,,,,,,,,,,,,,
,,,,(,,,,,,,,,,,,,,,
,,,,(,,,,,,,,,,,,,,,
,,,,(,,,,,,,,,,,,,,,
,,,,(,,,,,,,,,,,,,,,
,,,,(,,,,,,,,,,,,,,,
,,,,(,,,,,,,,,,,,,,,
,,,,(,,,,,,,,,,,,,,,
,,,,(,,,,,,,,,,,,,,,
,,,,(,,,,,,,,,,,,,,,
,,,,(,,,,,,,,,,,,,,,
,,,,(,,,,,,,,,,,,,,,
,,,,(,,,,,,,,,,,,,,,
,,,,(,,,,,,,,,,,,,,,
,,,,(,,,,,,,,,,,,,,,
,,,,(,,,,,,,,,,,,,,,
,,,,(,,,,,,,,,,,,,,,
,,,,(,,,,,,,,,,,,,,,
,,,,(,,,,,,,,,,,,,,,
,,,,(,,,,,,,,,,,,,,,
,,,,(,,,,,,,,,,,,,,,
,,,,(,,,,,,,,,,,,,,,
,,,,(,,,,,,,,,,,,,,,
,,,,(,,,,,,,,,,,,,,,
,,,,(,,,,,,,,,,,,,,,
,,,,(,,,,,,,,,,,,,,,
,,,,(,,,,,,,,,,,,,,,
,,,,(,,,,,,,,,,,,,,,
,,,,(,,,,,,,,,,,,,,,
,,,,(,,,,,,,,,,,,,,,
,,,,(,,,,,,,,,,,,,,,
,,,,(,,,,,,,,,,,,,,,
,,,,(,,,,,,,,,,,,,,,
,,,,(,,,,,,,,,,,,,,,
,,,,(,,,,,,,,,,,,,,,
,,,,(,,,,,,,,,,,,,,,
,,,,(,,,,,,,,,,,,,,,
,,,,(,,,,,,,,,,,,,,,
,,,,(,,,,,,,,,,,,,,,
,,,,(,,,,,,,,,,,,,,,
,,,,(,,,,,,,,,,,,,,,
,,,,(,,,,,,,,,,,,,,,
,,,,(,,,,,,,,,,,,,,,
,,,,(,,,,,,,,,,,,,,,
,,,,(,,,,,,,,,,,,,,,
,,,,(,,,,,,,,,,,,,,,
,,,,(,,,,,,,,,,,,,,,
,,,,(,,,,,,,,,,,,,,,
,,,,(,,,,,,,,,,,,,,,
,,,,(,,,,,,,,,,,,,,,
,,,,(,,,,,,,,,,,,,,,
,,,,(,,,,,,,,,,,,,,,
,,,,(,,,,,,,,,,,,,,,
,,,,(,,,,,,,,,,,,,,,
,,,,(,,,,,,,,,,,,,,,
,,,,(,,,,,,,,,,,,,,,
,,,,(,,,,,,,,,,,,,,,
,,,,(,,,,,,,,,,,,,,,
,,,,(,,,,,,,,,,,,,,,
,,,,(,,,,,,,,,,,,,,,
,,,,(,,,,,,,,,,,,,,,
,,,,(,,,,,,,,,,,,,,,
,,,,(,,,,,,,,,,,,,,,
,,,,(,,,,,,,,,,,,,,,
,,,,(,,,,,,,,,,,,,,,
,,,,(,,,,,,,,,,,,,,,
,,,,(,,,,,,,,,,,,,,,
,,,,(,,,,,,,,,,,,,,,
,,,,(,,,,,,,,,,,,,,,
,,,,(,,,,,,,,,,,,,,,
,,,,(,,,,,,,,,,,,,,,
,,,,(,,,,,,,,,,,,,,,
,,,,(,,,,,,,,,,,,,,,
,,,,(,,,,,,,,,,,,,,,
,,,,(,,,,,,,,,,,,,,,
,,,,(,,,,,,,,,,,,,,,
,,,,(,,,,,,,,,,,,,,,
,,,,(,,,,,,,,,,,,,,,
,,,,(,,,,,,,,,,,,,,,
,,,,(,,,,,,,,,,,,,,,
,,,,(,,,,,,,,,,,,,,,
,,,,(,,,,,,,,,,,,,,,
,,,,(,,,,,,,,,,,,,,,
,,,,(,,,,,,,,,,,,,,,
,,,,(,,,,,,,,,,,,,,,
,,,,(,,,,,,,,,,,,,,,
,,,,(,,,,,,,,,,,,,,,
,,,,(,,,,,,,,,,,,,,,
,,,,(,,,,,,,,,,,,,,,
,,,,(,,,,,,,,,,,,,,,
,,,,(,,,,,,,,,,,,,,,
,,,,(,,,,,,,,,,,,,,,
,,,,(,,,,,,,,,,,,,,,
,,,,(,,,,,,,,,,,,,,,
,,,,(,,,,,,,,,,,,,,,
,,,,(,,,,,,,,,,,,,,,
,,,,(,,,,,,,,,,,,,,,
,,,,(,,,,,,,,,,,,,,,
,,,,(,,,,,,,,,,,,,,,
,,,,(,,,,,,,,,,,,,,,
,,,,(,,,,,,,,,,,,,,,
,,,,(,,,,,,,,,,,,,,,
,,,,(,,,,,,,,,,,,,,,
,,,,(,,,,,,,,,,,,,,,
,,,,(,,,,,,,,,,,,,,,
,,,,(,,,,,,,,,,,,,,,
,,,,(,,,,,,,,,,,,,,,
,,,,(,,,,,,,,,,,,,,,
,,,,(,,,,,,,,,,,,,,,
,,,,(,,,,,,,,,,,,,,,
,,,,(,,,,,,,,,,,,,,,
,,,,(,,,,,,,,,,,,,,,
,,,,(,,,,,,,,,,,,,,,
,,,,(,,,,,,,,,,,,,,,
,,,,(,,,,,,,,,,,,,,,
,,,,(,,,,,,,,,,,,,,,
,,,,(,,,,,,,,,,,,,,,
,,,,(,,,,,,,,,,,,,,,
,,,,(,,,,,,,,,,,,,,,
,,,,(,,,,,,,,,,,,,,,
,,,,(,,,,,,,,,,,,,,,
,,,,(,,,,,,,,,,,,,,,
,,,,(,,,,,,,,,,,,,,,
,,,,(,,,,,,,,,,,,,,,
,,,,(,,,,,,,,,,,,,,,
,,,,(,,,,,,,,,,,,,,,
,,,,(,,,,,,,,,,,,,,,
,,,,(,,,,,,,,,,,,,,,
,,,,(,,,,,,,,,,,,,,,
,,,,(,,,,,,,,,,,,,,,
,,,,(,,,,,,,,,,,,,,,
,,,,(,,,,,,,,,,,,,,,
,,,,(,,,,,,,,,,,,,,,
,,,,(,,,,,,,,,,,,,,,
,,,,(,,,,,,,,,,,,,,,
,,,,(,,,,,,,,,,,,,,,
,,,,(,,,,,,,,,,,,,,,
,,,,(,,,,,,,,,,,,,,,
,,,,(,,,,,,,,,,,,,,,
,,,,(,,,,,,,,,,,,,,,
,,,,(,,,,,,,,,,,,,,,
,,,,(,,,,,,,,,,,,,,,
,,,,(,,,,,,,,,,,,,,,
,,,,(,,,,,,,,,,,,,,,
,,,,(,,,,,,,,,,,,,,,
,,,,(,,,,,,,,,,,,,,,
,,,,(,,,,,,,,,,,,,,,
,,,,(,,,,,,,,,,,,,,,
,,,,(,,,,,,,,,,,,,,,
,,,,(,,,,,,,,,,,,,,,
,,,,(,,,,,,,,,,,,,,,
,,,,(,,,,,,,,,,,,,,,
,,,,(,,,,,,,,,,,,,,,
,,,,(,,,,,,,,,,,,,,,
,,,,(,,,,,,,,,,,,,,,
,,,,(,,,,,,,,,,,,,,,
,,,,(,,,,,,,,,,,,,,,
,,,,(,,,,,,,,,,,,,,,
,,,,(,,,,,,,,,,,,,,,
,,,,(,,,,,,,,,,,,,,,
,,,,(,,,,,,,,,,,,,,,
,,,,(,,,,,,,,,,,,,,,
,,,,(,,,,,,,,,,,,,,,
,,,,(,,,,,,,,,,,,,,,
,,,,(,,,,,,,,,,,,,,,
,,,,(,,,,,,,,,,,,,,,
,,,,(,,,,,,,,,,,,,,,
,,,,(,,,,,,,,,,,,,,,
,,,,(,,,,,,,,,,,,,,,
,,,,(,,,,,,,,,,,,,,,
,,,,(,,,,,,,,,,,,,,,
,,,,(,,,,,,,,,,,,,,,
,,,,(,,,,,,,,,,,,,,,
,,,,(,,,,,,,,,,,,,,,
,,,,(,,,,,,,,,,,,,,,
,,,,(,,,,,,,,,,,,,,,
,,,,(,,,,,,,,,,,,,,,
,,,,(,,,,,,,,,,,,,,,
,,,,(,,,,,,,,,,,,,,,
,,,,(,,,,,,,,,,,,,,,
,,,,(,,,,,,,,,,,,,,,
,,,,(,,,,,,,,,,,,,,,
,,,,(,,,,,,,,,,,,,,,
,,,,(,,,,,,,,,,,,,,,
,,,,(,,,,,,,,,,,,,,,
,,,,(,,,,,,,,,,,,,,,
,,,,(,,,,,,,,,,,,,,,
,,,,(,,,,,,,,,,,,,,,
,,,,(,,,,,,,,,,,,,,,
,,,,(,,,,,,,,,,,,,,,
,,,,(,,,,,,,,,,,,,,,
,,,,(,,,,,,,,,,,,,,,
,,,,(,,,,,,,,,,,,,,,
,,,,(,,,,,,,,,,,,,,,
,,,,(,,,,,,,,,,,,,,,
,,,,(,,,,,,,,,,,,,,,
,,,,(,,,,,,,,,,,,,,,
,,,,(,,,,,,,,,,,,,,,
,,,,(,,,,,,,,,,,,,,,
,,,,(,,,,,,,,,,,,,,,
,,,,(,,,,,,,,,,,,,,,
,,,,(,,,,,,,,,,,,,,,
,,,,(,,,,,,,,,,,,,,,
,,,,(,,,,,,,,,,,,,,,
,,,,(,,,,,,,,,,,,,,,
,,,,(,,,,,,,,,,,,,,,
,,,,(,,,,,,,,,,,,,,,
,,,,(,,,,,,,,,,,,,,,
,,,,(,,,,,,,,,,,,,,,
,,,,(,,,,,,,,,,,,,,,
,,,,(,,,,,,,,,,,,,,,
,,,,(,,,,,,,,,,,,,,,
,,,,(,,,,,,,,,,,,,,,
,,,,(,,,,,,,,,,,,,,,
,,,,(,,,,,,,,,,,,,,,
,,,,(,,,,,,,,,,,,,,,
,,,,(,,,,,,,,,,,,,,,
,,,,(,,,,,,,,,,,,,,,
,,,,(,,,,,,,,,,,,,,,
,,,,(,,,,,,,,,,,,,,,
,,,,(,,,,,,,,,,,,,,,
,,,,(,,,,,,,,,,,,,,,
,,,,(,,,,,,,,,,,,,,,
,,,,(,,,,,,,,,,,,,,,
,,,,(,,,,,,,,,,,,,,,
,,,,(,,,,,,,,,,,,,,,
,,,,(,,,,,,,,,,,,,,,
,,,,(,,,,,,,,,,,,,,,
,,,,(,,,,,,,,,,,,,,,
,,,,(,,,,,,,,,,,,,,,
,,,,(,,,,,,,,,,,,,,,
,,,,(,,,,,,,,,,,,,,,
,,,,(,,,,,,,,,,,,,,,
,,,,(,,,,,,,,,,,,,,,
,,,,(,,,,,,,,,,,,,,,
,,,,(,,,,,,,,,,,,,,,
,,,,(,,,,,,,,,,,,,,,
,,,,(,,,,,,,,,,,,,,,
,,,,(,,,,,,,,,,,,,,,
,,,,(,,,,,,,,,,,,,,,
,,,,(,,,,,,,,,,,,,,,
,,,,(,,,,,,,,,,,,,,,
,,,,(,,,,,,,,,,,,,,,
,,,,(,,,,,,,,,,,,,,,
,,,,(,,,,,,,,,,,,,,,
,,,,(,,,,,,,,,,,,,,,
,,,,(,,,,,,,,,,,,,,,
,,,,(,,,,,,,,,,,,,,,
,,,,(,,,,,,,,,,,,,,,
,,,,(,,,,,,,,,,,,,,,
,,,,(,,,,,,,,,,,,,,,
,,,,(,,,,,,,,,,,,,,,
,,,,(,,,,,,,,,,,,,,,
,,,,(,,,,,,,,,,,,,,,
,,,,(,,,,,,,,,,,,,,,
,,,,(,,,,,,,,,,,,,,,
,,,,(,,,,,,,,,,,,,,,
,,,,(,,,,,,,,,,,,,,,
,,,,(,,,,,,,,,,,,,,,
,,,,(,,,,,,,,,,,,,,,
,,,,(,,,,,,,,,,,,,,,
,,,,(,,,,,,,,,,,,,,,
,,,,(,,,,,,,,,,,,,,,
,,,,(,,,,,,,,,,,,,,,
,,,,(,,,,,,,,,,,,,,,
,,,,(,,,,,,,,,,,,,,,
,,,,(,,,,,,,,,,,,,,,
,,,,(,,,,,,,,,,,,,,,
,,,,(,,,,,,,,,,,,,,,
,,,,(,,,,,,,,,,,,,,,
,,,,(,,,,,,,,,,,,,,,
,,,,(,,,,,,,,,,,,,,,
,,,,(,,,,,,,,,,,,,,,
,,,,(,,,,,,,,,,,,,,,
,,,,(,,,,,,,,,,,,,,,
,,,,(,,,,,,,,,,,,,,,
,,,,(,,,,,,,,,,,,,,,
,,,,(,,,,,,,,,,,,,,,
,,,,(,,,,,,,,,,,,,,,
,,,,(,,,,,,,,,,,,,,,
,,,,(,,,,,,,,,,,,,,,
,,,,(,,,,,,,,,,,,,,,
,,,,(,,,,,,,,,,,,,,,
,,,,(,,,,,,,,,,,,,,,
,,,,(,,,,,,,,,,,,,,,
,,,,(,,,,,,,,,,,,,,,
,,,,(,,,,,,,,,,,,,,,
,,,,(,,,,,,,,,,,,,,,
,,,,(,,,,,,,,,,,,,,,
,,,,(,,,,,,,,,,,,,,,
,,,,(,,,,,,,,,,,,,,,
,,,,(,,,,,,,,,,,,,,,
,,,,(,,,,,,,,,,,,,,,
,,,,(,,,,,,,,,,,,,,,
,,,,(,,,,,,,,,,,,,,,
,,,,(,,,,,,,,,,,,,,,
,,,,(,,,,,,,,,,,,,,,
,,,,(,,,,,,,,,,,,,,,
,,,,(,,,,,,,,,,,,,,,
,,,,(,,,,,,,,,,,,,,,
,,,,(,,,,,,,,,,,,,,,
,,,,(,,,,,,,,,,,,,,,
,,,,(,,,,,,,,,,,,,,,
,,,,(,,,,,,,,,,,,,,,
,,,,(,,,,,,,,,,,,,,,
,,,,(,,,,,,,,,,,,,,,
,,,,(,,,,,,,,,,,,,,,
,,,,(,,,,,,,,,,,,,,,
,,,,(,,,,,,,,,,,,,,,
,,,,(,,,,,,,,,,,,,,,
,,,,(,,,,,,,,,,,,,,,
,,,,(,,,,,,,,,,,,,,,
,,,,(,,,,,,,,,,,,,,,
,,,,(,,,,,,,,,,,,,,,
,,,,(,,,,,,,,,,,,,,,
,,,,(,,,,,,,,,,,,,,,
,,,,(,,,,,,,,,,,,,,,
,,,,(,,,,,,,,,,,,,,,
,,,,(,,,,,,,,,,,,,,,
,,,,(,,,,,,,,,,,,,,,
,,,,(,,,,,,,,,,,,,,,
,,,,(,,,,,,,,,,,,,,,
,,,,(,,,,,,,,,,,,,,,
,,,,(,,,,,,,,,,,,,,,
,,,,(,,,,,,,,,,,,,,,
,,,,(,,,,,,,,,,,,,,,
,,,,(,,,,,,,,,,,,,,,
,,,,(,,,,,,,,,,,,,,,
,,,,(,,,,,,,,,,,,,,,
,,,,(,,,,,,,,,,,,,,,
,,,,(,,,,,,,,,,,,,,,
,,,,(,,,,,,,,,,,,,,,
,,,,(,,,,,,,,,,,,,,,
,,,,(,,,,,,,,,,,,,,,
,,,,(,,,,,,,,,,,,,,,
,,,,(,,,,,,,,,,,,,,,
,,,,(,,,,,,,,,,,,,,,
,,,,(,,,,,,,,,,,,,,,
,,,,(,,,,,,,,,,,,,,,
,,,,(,,,,,,,,,,,,,,,
,,,,(,,,,,,,,,,,,,,,
,,,,(,,,,,,,,,,,,,,,
,,,,(,,,,,,,,,,,,,,,
,,,,(,,,,,,,,,,,,,,,
,,,,(,,,,,,,,,,,,,,,
,,,,(,,,,,,,,,,,,,,,
,,,,(,,,,,,,,,,,,,,,
,,,,(,,,,,,,,,,,,,,,
,,,,(,,,,,,,,,,,,,,,
,,,,(,,,,,,,,,,,,,,,
,,,,(,,,,,,,,,,,,,,,
,,,,(,,,,,,,,,,,,,,,
,,,,(,,,,,,,,,,,,,,,
,,,,(,,,,,,,,,,,,,,,
,,,,(,,,,,,,,,,,,,,,
,,,,(,,,,,,,,,,,,,,,
,,,,(,,,,,,,,,,,,,,,
,,,,(,,,,,,,,,,,,,,,
,,,,(,,,,,,,,,,,,,,,
,,,,(,,,,,,,,,,,,,,,
,,,,(,,,,,,,,,,,,,,,
,,,,(,,,,,,,,,,,,,,,
,,,,(,,,,,,,,,,,,,,,
,,,,(,,,,,,,,,,,,,,,
,,,,(,,,,,,,,,,,,,,,
,,,,(,,,,,,,,,,,,,,,
,,,,(,,,,,,,,,,,,,,,
,,,,(,,,,,,,,,,,,,,,
,,,,(,,,,,,,,,,,,,,,
,,,,(,,,,,,,,,,,,,,,
,,,,(,,,,,,,,,,,,,,,
,,,,(,,,,,,,,,,,,,,,
,,,,(,,,,,,,,,,,,,,,
,,,,(,,,,,,,,,,,,,,,
,,,,(,,,,,,,,,,,,,,,
,,,,(,,,,,,,,,,,,,,,
,,,,(,,,,,,,,,,,,,,,
,,,,(,,,,,,,,,,,,,,,
,,,,(,,,,,,,,,,,,,,,
,,,,(,,,,,,,,,,,,,,,
,,,,(,,,,,,,,,,,,,,,
,,,,(,,,,,,,,,,,,,,,
,,,,(,,,,,,,,,,,,,,,
,,,,(,,,,,,,,,,,,,,,
,,,,(,,,,,,,,,,,,,,,
,,,,(,,,,,,,,,,,,,,,
,,,,(,,,,,,,,,,,,,,,
,,,,(,,,,,,,,,,,,,,,
,,,,(,,,,,,,,,,,,,,,
,,,,(,,,,,,,,,,,,,,,
,,,,(,,,,,,,,,,,,,,,
,,,,(,,,,,,,,,,,,,,,
,,,,(,,,,,,,,,,,,,,,
,,,,(,,,,,,,,,,,,,,,
,,,,(,,,,,,,,,,,,,,,
,,,,(,,,,,,,,,,,,,,,
,,,,(,,,,,,,,,,,,,,,
,,,,(,,,,,,,,,,,,,,,
,,,,(,,,,,,,,,,,,,,,
,,,,(,,,,,,,,,,,,,,,
,,,,(,,,,,,,,,,,,,,,
,,,,(,,,,,,,,,,,,,,,
,,,,(,,,,,,,,,,,,,,,
,,,,(,,,,,,,,,,,,,,,
,,,,(,,,,,,,,,,,,,,,
,,,,(,,,,,,,,,,,,,,,
,,,,(,,,,,,,,,,,,,,,
,,,,(,,,,,,,,,,,,,,,
,,,,(,,,,,,,,,,,,,,,
,,,,(,,,,,,,,,,,,,,,
,,,,(,,,,,,,,,,,,,,,
,,,,(,,,,,,,,,,,,,,,
,,,,(,,,,,,,,,,,,,,,
,,,,(,,,,,,,,,,,,,,,
,,,,(,,,,,,,,,,,,,,,
,,,,(,,,,,,,,,,,,,,,
,,,,(,,,,,,,,,,,,,,,
,,,,(,,,,,,,,,,,,,,,
,,,,(,,,,,,,,,,,,,,,
,,,,(,,,,,,,,,,,,,,,
,,,,(,,,,,,,,,,,,,,,
,,,,(,,,,,,,,,,,,,,,
,,,,(,,,,,,,,,,,,,,,
,,,,(,,,,,,,,,,,,,,,
,,,,(,,,,,,,,,,,,,,,
,,,,(,,,,,,,,,,,,,,,
,,,,(,,,,,,,,,,,,,,,
,,,,(,,,,,,,,,,,,,,,
,,,,(,,,,,,,,,,,,,,,
,,,,(,,,,,,,,,,,,,,,
,,,,(,,,,,,,,,,,,,,,
,,,,(,,,,,,,,,,,,,,,
,,,,(,,,,,,,,,,,,,,,
,,,,(,,,,,,,,,,,,,,,
,,,,(,,,,,,,,,,,,,,,
,,,,(,,,,,,,,,,,,,,,
,,,,(,,,,,,,,,,,,,,,
,,,,(,,,,,,,,,,,,,,,
,,,,(,,,,,,,,,,,,,,,
,,,,(,,,,,,,,,,,,,,,
,,,,(,,,,,,,,,,,,,,,
,,,,(,,,,,,,,,,,,,,,
,,,,(,,,,,,,,,,,,,,,
,,,,(,,,,,,,,,,,,,,,
,,,,(,,,,,,,,,,,,,,,
,,,,(,,,,,,,,,,,,,,,
,,,,(,,,,,,,,,,,,,,,
,,,,(,,,,,,,,,,,,,,,
,,,,(,,,,,,,,,,,,,,,
,,,,(,,,,,,,,,,,,,,,
,,,,(,,,,,,,,,,,,,,,
,,,,(,,,,,,,,,,,,,,,
,,,,(,,,,,,,,,,,,,,,
,,,,(,,,,,,,,,,,,,,,
,,,,(,,,,,,,,,,,,,,,
,,,,(,,,,,,,,,,,,,,,
,,,,(,,,,,,,,,,,,,,,
,,,,(,,,,,,,,,,,,,,,
,,,,(,,,,,,,,,,,,,,,
,,,,(,,,,,,,,,,,,,,,
,,,,(,,,,,,,,,,,,,,,
,,,,(,,,,,,,,,,,,,,,
,,,,(,,,,,,,,,,,,,,,
,,,,(,,,,,,,,,,,,,,,
,,,,(,,,,,,,,,,,,,,,
,,,,(,,,,,,,,,,,,,,,
,,,,(,,,,,,,,,,,,,,,
,,,,(,,,,,,,,,,,,,,,
,,,,(,,,,,,,,,,,,,,,
,,,,(,,,,,,,,,,,,,,,
,,,,(,,,,,,,,,,,,,,,
,,,,(,,,,,,,,,,,,,,,
,,,,(,,,,,,,,,,,,,,,
,,,,(,,,,,,,,,,,,,,,
,,,,(,,,,,,,,,,,,,,,
,,,,(,,,,,,,,,,,,,,,
,,,,(,,,,,,,,,,,,,,,
,,,,(,,,,,,,,,,,,,,,
,,,,(,,,,,,,,,,,,,,,
,,,,(,,,,,,,,,,,,,,,
,,,,(,,,,,,,,,,,,,,,
,,,,(,,,,,,,,,,,,,,,
,,,,(,,,,,,,,,,,,,,,
,,,,(,,,,,,,,,,,,,,,
,,,,(,,,,,,,,,,,,,,,
,,,,(,,,,,,,,,,,,,,,
,,,,(,,,,,,,,,,,,,,,
,,,,(,,,,,,,,,,,,,,,
,,,,(,,,,,,,,,,,,,,,
,,,,(,,,,,,,,,,,,,,,
,,,,(,,,,,,,,,,,,,,,
,,,,(,,,,,,,,,,,,,,,
,,,,(,,,,,,,,,,,,,,,
,,,,(,,,,,,,,,,,,,,,
,,,,(,,,,,,,,,,,,,,,
,,,,(,,,,,,,,,,,,,,,
,,,,(,,,,,,,,,,,,,,,
,,,,(,,,,,,,,,,,,,,,
,,,,(,,,,,,,,,,,,,,,
,,,,(,,,,,,,,,,,,,,,
,,,,(,,,,,,,,,,,,,,,
,,,,(,,,,,,,,,,,,,,,
,,,,(,,,,,,,,,,,,,,,
,,,,(,,,,,,,,,,,,,,,
,,,,(,,,,,,,,,,,,,,,
,,,,(,,,,,,,,,,,,,,,
,,,,(,,,,,,,,,,,,,,,
,,,,(,,,,,,,,,,,,,,,
,,,,(,,,,,,,,,,,,,,,
,,,,(,,,,,,,,,,,,,,,
,,,,(,,,,,,,,,,,,,,,
,,,,(,,,,,,,,,,,,,,,
,,,,(,,,,,,,,,,,,,,,
,,,,(,,,,,,,,,,,,,,,
,,,,(,,,,,,,,,,,,,,,
,,,,(,,,,,,,,,,,,,,,
,,,,(,,,,,,,,,,,,,,,
,,,,(,,,,,,,,,,,,,,,
,,,,(,,,,,,,,,,,,,,,
,,,,(,,,,,,,,,,,,,,,
,,,,(,,,,,,,,,,,,,,,
,,,,(,,,,,,,,,,,,,,,
,,,,(,,,,,,,,,,,,,,,
,,,,(,,,,,,,,,,,,,,,
,,,,(,,,,,,,,,,,,,,,
,,,,(,,,,,,,,,,,,,,,
,,,,(,,,,,,,,,,,,,,,
,,,,(,,,,,,,,,,,,,,,
,,,,(,,,,,,,,,,,,,,,
,,,,(,,,,,,,,,,,,,,,
,,,,(,,,,,,,,,,,,,,,
,,,,(,,,,,,,,,,,,,,,
,,,,(,,,,,,,,,,,,,,,
,,,,(,,,,,,,,,,,,,,,
,,,,(,,,,,,,,,,,,,,,
,,,,(,,,,,,,,,,,,,,,
,,,,(,,,,,,,,,,,,,,,
,,,,(,,,,,,,,,,,,,,,
,,,,(,,,,,,,,,,,,,,,
,,,,(,,,,,,,,,,,,,,,
,,,,(,,,,,,,,,,,,,,,
,,,,(,,,,,,,,,,,,,,,
,,,,(,,,,,,,,,,,,,,,
,,,,(,,,,,,,,,,,,,,,
,,,,(,,,,,,,,,,,,,,,
,,,,(,,,,,,,,,,,,,,,
,,,,(,,,,,,,,,,,,,,,
,,,,(,,,,,,,,,,,,,,,
,,,,(,,,,,,,,,,,,,,,
,,,,(,,,,,,,,,,,,,,,
,,,,(,,,,,,,,,,,,,,,
,,,,(,,,,,,,,,,,,,,,
,,,,(,,,,,,,,,,,,,,,
,,,,(,,,,,,,,,,,,,,,
,,,,(,,,,,,,,,,,,,,,
,,,,(,,,,,,,,,,,,,,,
,,,,(,,,,,,,,,,,,,,,
,,,,(,,,,,,,,,,,,,,,
,,,,(,,,,,,,,,,,,,,,
,,,,(,,,,,,,,,,,,,,,
,,,,(,,,,,,,,,,,,,,,
,,,,(,,,,,,,,,,,,,,,
,,,,(,,,,,,,,,,,,,,,
,,,,(,,,,,,,,,,,,,,,
,,,,(,,,,,,,,,,,,,,,
